"projection","method","rank","mean","median","min","max","module_count"
"down_proj","AD_GD","8","0.17041811779076313","0.04817598377343671","0.023988150524717505","0.9894780726820058","28"
"down_proj","AD_GD","16","0.19731876647433966","0.0755352318748084","0.04144983318435693","0.9900002875096294","28"
"down_proj","AD_GD","32","0.23207733957959578","0.11916546929905059","0.07103332610275115","0.990641990690175","28"
"down_proj","AD_GD","64","0.2848030538968783","0.1831986745506763","0.12058621691592822","0.9914990871038658","28"
"down_proj","AD_GF","8","0.2224266124438635","0.12976000682223127","0.058886120845814405","0.9916057880794289","28"
"down_proj","AD_GF","16","0.26180240783711756","0.1741920900642535","0.09721427011717643","0.9922754196466493","28"
"down_proj","AD_GF","32","0.3112954436153016","0.2264721125753546","0.15213760867000983","0.9930437533426311","28"
"down_proj","AD_GF","64","0.379316804341571","0.2956364584273441","0.22842980227048076","0.993975211582865","28"
"down_proj","AD_GI","8","0.16993870452397583","0.05055680381068247","0.02253007113014751","0.9861224686040135","28"
"down_proj","AD_GI","16","0.19568088674297243","0.07458060752878234","0.03897152463986819","0.9866801330103491","28"
"down_proj","AD_GI","32","0.22868404339913137","0.11573141866105621","0.06725847322547295","0.987436949762027","28"
"down_proj","AD_GI","64","0.27935563541611447","0.18124278215138606","0.11562070874134707","0.9884906832846811","28"
"down_proj","AF_GD","8","0.241165495990647","0.13109378553431467","0.07717726832079369","0.991717845535892","28"
"down_proj","AF_GD","16","0.2779092781586289","0.17729939861745803","0.11078961020326847","0.9922713921603482","28"
"down_proj","AF_GD","32","0.32784132193675136","0.24121772082113815","0.15973008631186417","0.9929190553414631","28"
"down_proj","AF_GD","64","0.39540594647952104","0.3251434090942591","0.23055478411682026","0.99374560667851","28"
"down_proj","AF_GF","8","0.27906415098565124","0.17863451557717797","0.11408386566645057","0.994879709226906","28"
"down_proj","AF_GF","16","0.3255755860757717","0.2273687251949331","0.16216207360878718","0.9953448950265218","28"
"down_proj","AF_GF","32","0.38620872373361165","0.2900065693478606","0.2281182507168246","0.9958897103143179","28"
"down_proj","AF_GF","64","0.46491462112845944","0.38559226464045443","0.32053208495495294","0.9965307858035802","28"
"down_proj","AF_GI","8","0.24151908395758706","0.13217341956800416","0.07851319487280979","0.9908541624979037","28"
"down_proj","AF_GI","16","0.2777853393711845","0.1755563715482828","0.11173579245389133","0.9913969869802076","28"
"down_proj","AF_GI","32","0.3265865530734919","0.23548839975687214","0.1582838296669772","0.9920574574202695","28"
"down_proj","AF_GI","64","0.3926540514469094","0.31840648181765274","0.22541467781269434","0.9929260056385449","28"
"gate_proj","AD_GD","8","0.35139554730585665","0.30269847670636973","0.241197364019936","0.7419927939591142","28"
"gate_proj","AD_GD","16","0.4065261250407421","0.36125316052656786","0.2939016200343451","0.8023007207566507","28"
"gate_proj","AD_GD","32","0.4536755941516239","0.41370611268771174","0.3362041074680479","0.8236241796529769","28"
"gate_proj","AD_GD","64","0.5088694670187983","0.4759320511254147","0.3844518221688393","0.8431288640572627","28"
"gate_proj","AD_GF","8","0.3648419154651477","0.31939668323403747","0.24175394625305685","0.7588943897198354","28"
"gate_proj","AD_GF","16","0.426014858144202","0.37443120214655695","0.2982746348091313","0.8183601137679236","28"
"gate_proj","AD_GF","32","0.4765989995658387","0.4268750696116982","0.35152268341510756","0.8394510630023857","28"
"gate_proj","AD_GF","64","0.5341849350972331","0.4967280781482652","0.4063358280779654","0.8598638923025475","28"
"gate_proj","AD_GI","8","0.3485040881077656","0.29872769913380787","0.24035597701225517","0.7399274890144782","28"
"gate_proj","AD_GI","16","0.3961311821199233","0.35237047607689764","0.2807132528677028","0.7882885229033416","28"
"gate_proj","AD_GI","32","0.43470954620334934","0.3957333502514701","0.31762048780257013","0.7981008488056556","28"
"gate_proj","AD_GI","64","0.47948706839617083","0.4402204176378264","0.35495150881666326","0.8112788029043925","28"
"gate_proj","AF_GD","8","0.4567180411142512","0.41960600710914087","0.33531213938054316","0.7903775965849165","28"
"gate_proj","AF_GD","16","0.5064111098819252","0.4711987651940527","0.38558595246752025","0.8166230461964872","28"
"gate_proj","AF_GD","32","0.5620131907116191","0.5343833569224632","0.44582729722715053","0.8428015430200101","28"
"gate_proj","AF_GD","64","0.6257246931215498","0.603949097642763","0.5173134327860183","0.8703004767606355","28"
"gate_proj","AF_GF","8","0.46832195494987444","0.4228779719393899","0.34656896884597066","0.8106303830261462","28"
"gate_proj","AF_GF","16","0.5206790826813446","0.4823405984156941","0.39696839056010325","0.8344153346524327","28"
"gate_proj","AF_GF","32","0.5781199796365026","0.5476277401939089","0.4565557364450211","0.8593648203692791","28"
"gate_proj","AF_GF","64","0.642815106775635","0.6184261126434274","0.5305607518921571","0.8860229568558158","28"
"gate_proj","AF_GI","8","0.45310966613692444","0.4148669774385443","0.3319481061509438","0.8028352925744987","28"
"gate_proj","AF_GI","16","0.4988453362208814","0.46330771756898304","0.37603122798955707","0.820990759665995","28"
"gate_proj","AF_GI","32","0.5496097243651324","0.5171970464171671","0.4278593365655475","0.8418118791744585","28"
"gate_proj","AF_GI","64","0.6083171023883411","0.5819044758715366","0.49228791885818846","0.8633833626668652","28"
"k_proj","AD_GD","8","0.5964863121680608","0.6021719460307802","0.4069355631753701","0.7750135114322563","28"
"k_proj","AD_GD","16","0.7193914031005514","0.730729425255116","0.5224824374051972","0.8573094230633618","28"
"k_proj","AD_GD","32","0.8224402819452855","0.8257686050319981","0.6459747645454362","0.935692064593345","28"
"k_proj","AD_GD","64","0.9060822871786925","0.9048363903525909","0.781632680593192","0.9762593295679088","28"
"k_proj","AD_GF","8","0.7565251268565832","0.7531941881800523","0.6320926739251994","0.9695198679213397","28"
"k_proj","AD_GF","16","0.8382057127677685","0.83292189529898","0.751526012127828","0.982862299278028","28"
"k_proj","AD_GF","32","0.9045480626079963","0.896974018180998","0.8652092973966307","0.9918079556667446","28"
"k_proj","AD_GF","64","0.9542587569984032","0.951841061897956","0.9338191826425658","0.996763336655852","28"
"k_proj","AD_GI","8","0.39929929821519844","0.4102693194559049","0.273607150738686","0.49668902854954655","28"
"k_proj","AD_GI","16","0.5212609922288994","0.523420994766973","0.40276937471599233","0.6091888031694845","28"
"k_proj","AD_GI","32","0.6450197427713825","0.6502010015972636","0.5605370862354667","0.7151460612670818","28"
"k_proj","AD_GI","64","0.7783763887216127","0.7813689551060068","0.715384901741552","0.8444910603246694","28"
"k_proj","AF_GD","8","0.6777791173859454","0.6798323721311686","0.5057745885318795","0.8320346101800765","28"
"k_proj","AF_GD","16","0.7754345704602743","0.7749253521277499","0.611100085931639","0.8983973423222527","28"
"k_proj","AF_GD","32","0.860263942031323","0.8595015097616918","0.7249716649252153","0.9545840217377856","28"
"k_proj","AF_GD","64","0.928694419595357","0.9301065875427534","0.8401844222487715","0.9836707594242424","28"
"k_proj","AF_GF","8","0.7971495380726193","0.7951358917050948","0.6619709275600948","0.9667981007981676","28"
"k_proj","AF_GF","16","0.8651604392257985","0.864202725315676","0.7765019671188238","0.9828815720650209","28"
"k_proj","AF_GF","32","0.9215360667968978","0.9213723184469671","0.8798727604303701","0.9925389930720634","28"
"k_proj","AF_GF","64","0.9634860272970495","0.9618877600792862","0.9444090771392537","0.9972955045935836","28"
"k_proj","AF_GI","8","0.5198469689431384","0.5201448434140623","0.3910804307956537","0.6425960536826248","28"
"k_proj","AF_GI","16","0.6182594792719287","0.6293348305273145","0.5030725880100734","0.709744553795376","28"
"k_proj","AF_GI","32","0.7237094494702446","0.7253844722307281","0.6410724479406886","0.7797351594486266","28"
"k_proj","AF_GI","64","0.8348641682186643","0.8386234177746682","0.7905955543034059","0.8764576266609736","28"
"o_proj","AD_GD","8","0.18242426739008225","0.12186325055488943","0.06141776975572364","0.48538731389022116","28"
"o_proj","AD_GD","16","0.24373682994457593","0.18871488110689877","0.10829602398982875","0.5333537759726982","28"
"o_proj","AD_GD","32","0.32001832578032097","0.27819997260347484","0.18275357128045455","0.5860506400794121","28"
"o_proj","AD_GD","64","0.4189341301648442","0.38418335794427205","0.2927413289159801","0.6283907044253603","28"
"o_proj","AD_GF","8","0.22150799376649616","0.17924071871243677","0.07632179341010271","0.5155213422382846","28"
"o_proj","AD_GF","16","0.2910771697212531","0.24963909939952245","0.1311024839938934","0.5780422988931437","28"
"o_proj","AD_GF","32","0.37782032406708504","0.3484130296553527","0.21623817007583632","0.6401507912002934","28"
"o_proj","AD_GF","64","0.4856264999346759","0.46824667058438796","0.34338457678456447","0.7134319413324215","28"
"o_proj","AD_GI","8","0.18269933313921172","0.12119775202288355","0.0655163259449188","0.4926845473030472","28"
"o_proj","AD_GI","16","0.24382911555454187","0.19054718619420652","0.11071677940762846","0.5327124664595708","28"
"o_proj","AD_GI","32","0.319556839913154","0.2795812826433615","0.17730014227959873","0.5869195290311702","28"
"o_proj","AD_GI","64","0.41720237679377625","0.38370626785850664","0.2806188835341868","0.6257366220736683","28"
"o_proj","AF_GD","8","0.46359295042606175","0.40056721434414855","0.2682913033375153","0.8596082922754912","28"
"o_proj","AF_GD","16","0.5392131984644206","0.4917369891289891","0.36433032870927023","0.8712253488463303","28"
"o_proj","AF_GD","32","0.6220806626684602","0.5914416577789422","0.45436755246272914","0.8882544694260466","28"
"o_proj","AF_GD","64","0.7121001676591839","0.69733203159504","0.5540813567015717","0.9113866024125868","28"
"o_proj","AF_GF","8","0.48479253919024906","0.42024149854460086","0.28184211122648556","0.8946465221517356","28"
"o_proj","AF_GF","16","0.5648366674545177","0.507374564871875","0.381929476438007","0.9041641529530924","28"
"o_proj","AF_GF","32","0.6513283575905391","0.6085023190682204","0.49965312564121894","0.9178630620321564","28"
"o_proj","AF_GF","64","0.7428344884058556","0.7157747761179745","0.6096332159533994","0.9359881056179188","28"
"o_proj","AF_GI","8","0.4622755472116308","0.40094902312064257","0.26387043918613","0.8591000185997324","28"
"o_proj","AF_GI","16","0.5388299445444287","0.49422179318894544","0.3584986346883669","0.8709457053414569","28"
"o_proj","AF_GI","32","0.6217818415991033","0.5932907227576072","0.45086333693912684","0.8882375584379981","28"
"o_proj","AF_GI","64","0.7112887762330401","0.6963848079001524","0.5501902302628954","0.9115244507970653","28"
"q_proj","AD_GD","8","0.38629940864259293","0.3781763923613066","0.2631574672948677","0.6181525421703149","28"
"q_proj","AD_GD","16","0.5027158826432527","0.4949391450994264","0.378781694334197","0.6818386076902772","28"
"q_proj","AD_GD","32","0.6101659010146933","0.61102114446362","0.516423408869606","0.750164396593076","28"
"q_proj","AD_GD","64","0.7126258762843614","0.7150657626611414","0.6265761234721331","0.8207618910802233","28"
"q_proj","AD_GF","8","0.5023243687560374","0.483609969566441","0.3128107745130116","0.7671352324607555","28"
"q_proj","AD_GF","16","0.6339531666300832","0.6331859472907531","0.4517335294201715","0.8196037196607855","28"
"q_proj","AD_GF","32","0.7457037413398774","0.7572870105783509","0.5994271207137971","0.8692962947536482","28"
"q_proj","AD_GF","64","0.8342087842410041","0.8378339299665433","0.7485080926186864","0.9114662890748655","28"
"q_proj","AD_GI","8","0.3704128319787019","0.3538710385447792","0.24176894809320224","0.6216844947920125","28"
"q_proj","AD_GI","16","0.4730852847091698","0.47121169683305475","0.3418946188810408","0.6557422727261607","28"
"q_proj","AD_GI","32","0.5648408827779207","0.5722732801791937","0.4419018404422422","0.7083346546285649","28"
"q_proj","AD_GI","64","0.6507542495576152","0.6396231903364216","0.551730314451836","0.7591855080832864","28"
"q_proj","AF_GD","8","0.5107307004341543","0.5143439673839194","0.38153865674979764","0.7490099386315929","28"
"q_proj","AF_GD","16","0.6024032458261772","0.6046092740724361","0.4878205115150689","0.8061662198667037","28"
"q_proj","AF_GD","32","0.6943584174994802","0.695982759856488","0.6131698289174345","0.8585859868507444","28"
"q_proj","AF_GD","64","0.7831691526710979","0.7800703572521923","0.7399879447331632","0.9063694487969939","28"
"q_proj","AF_GF","8","0.60771382114423","0.5904801720686154","0.42942859173806186","0.8407440607286389","28"
"q_proj","AF_GF","16","0.7116823859901836","0.7031193539400327","0.5519832379076588","0.8859818509926922","28"
"q_proj","AF_GF","32","0.8021385009461394","0.8008531801927359","0.6812410217327167","0.9225284673697013","28"
"q_proj","AF_GF","64","0.8751646534274355","0.8753598702378654","0.8081761664079411","0.9515720357444756","28"
"q_proj","AF_GI","8","0.4943840336566514","0.4812806988914099","0.3608645329971364","0.7506853622225608","28"
"q_proj","AF_GI","16","0.577175831778671","0.5811198898661243","0.4452529218366632","0.7914387787357702","28"
"q_proj","AF_GI","32","0.6580591882090968","0.6605303311985374","0.543350439830237","0.8315906087266912","28"
"q_proj","AF_GI","64","0.7375093636878123","0.7331399742809042","0.6687108370704945","0.8723636922267518","28"
"up_proj","AD_GD","8","0.33409690362744204","0.29686931111684567","0.21742703096474408","0.6950645468209642","28"
"up_proj","AD_GD","16","0.3890352130192389","0.3506642909248271","0.2658704097678767","0.7514267580433723","28"
"up_proj","AD_GD","32","0.4386037315871668","0.40653590601028855","0.3102367523732499","0.7719612541617661","28"
"up_proj","AD_GD","64","0.49832466200041214","0.4733324588987634","0.36698840861695287","0.7954022388911618","28"
"up_proj","AD_GF","8","0.35991245048463233","0.3190802443649942","0.2284372841994253","0.752296131213863","28"
"up_proj","AD_GF","16","0.4247504388690843","0.3782899788015223","0.2893207088091524","0.8083687804684138","28"
"up_proj","AD_GF","32","0.481132216717229","0.4304805653435875","0.34997529435031516","0.8342418776351831","28"
"up_proj","AD_GF","64","0.5460065533129199","0.5051454699839748","0.4211167983766112","0.8579666361125106","28"
"up_proj","AD_GI","8","0.32949167618918906","0.28692876925921246","0.22091962097677426","0.7049281646942418","28"
"up_proj","AD_GI","16","0.3770119744445282","0.33880452787494514","0.25931350614992416","0.7584659957849318","28"
"up_proj","AD_GI","32","0.41613189980467447","0.37968464300871047","0.3002187009356565","0.7702819683425653","28"
"up_proj","AD_GI","64","0.4614026595967275","0.427431107836723","0.3415271408073677","0.785489997569523","28"
"up_proj","AF_GD","8","0.439258880583774","0.41287765344999616","0.31824660721976455","0.7643427413240869","28"
"up_proj","AF_GD","16","0.4900656260070058","0.4738378457589031","0.36591115318437734","0.7875980554693323","28"
"up_proj","AF_GD","32","0.5480164039224813","0.5362713800767362","0.42207767756291603","0.8153270018837766","28"
"up_proj","AF_GD","64","0.6153729305388388","0.6079211367263291","0.49180048733910625","0.8458499973550851","28"
"up_proj","AF_GF","8","0.46614589733997475","0.4228136449795964","0.3301870955976731","0.789320811863436","28"
"up_proj","AF_GF","16","0.5214550700633518","0.4826321054323429","0.3848649690599919","0.8166758197148716","28"
"up_proj","AF_GF","32","0.5825883109131756","0.5505222044827836","0.45182144379910566","0.8462667470440065","28"
"up_proj","AF_GF","64","0.6519837372054184","0.6286063560649026","0.5359443786969602","0.8770768737043488","28"
"up_proj","AF_GI","8","0.43469049556178635","0.4010375346800922","0.31920289934037815","0.771066697959198","28"
"up_proj","AF_GI","16","0.4813475780424995","0.45230119801892515","0.3643912499975511","0.7919599946011514","28"
"up_proj","AF_GI","32","0.5333784009958263","0.5108040178941261","0.416481362876999","0.8161222278295382","28"
"up_proj","AF_GI","64","0.5936643720922292","0.5771438273928275","0.481496975758074","0.8416379714352199","28"
"v_proj","AD_GD","8","0.35209382981052356","0.3646132580589504","0.2234546923596449","0.45770896900216324","28"
"v_proj","AD_GD","16","0.47001625010066034","0.48211954576793475","0.3304861574072897","0.5831686488159676","28"
"v_proj","AD_GD","32","0.5958249493286746","0.6064773530035827","0.44728505957470766","0.6842079169978399","28"
"v_proj","AD_GD","64","0.7373227290971511","0.7391845040491889","0.6068740679597503","0.8083392814136898","28"
"v_proj","AD_GF","8","0.4993080873095708","0.5237107775270469","0.3049401415386077","0.6994034222506946","28"
"v_proj","AD_GF","16","0.6106464746855591","0.6336064259727836","0.4005922850156271","0.7736926592748983","28"
"v_proj","AD_GF","32","0.7268840527870604","0.7420232263237372","0.5243107294682867","0.8522023286200022","28"
"v_proj","AD_GF","64","0.8453842319029781","0.8522982977473368","0.6791901530310559","0.9244471470262527","28"
"v_proj","AD_GI","8","0.33710076627886093","0.3457217021648379","0.22330399877530405","0.45143196550563935","28"
"v_proj","AD_GI","16","0.44989027206414434","0.45412669287754814","0.3141018559886996","0.5743502077788641","28"
"v_proj","AD_GI","32","0.5678965574365156","0.5721210685559934","0.4237627747315999","0.6701261017262031","28"
"v_proj","AD_GI","64","0.7032662662272756","0.701136055975599","0.5838808926026694","0.773412879614593","28"
"v_proj","AF_GD","8","0.4685743455638566","0.47412363221465387","0.3232175161758946","0.5859012861948496","28"
"v_proj","AF_GD","16","0.5690549063089055","0.5758629285429037","0.4281335987151275","0.6647858460017861","28"
"v_proj","AF_GD","32","0.6802572112273034","0.6854594237501803","0.5681249472766353","0.7552506015236742","28"
"v_proj","AF_GD","64","0.8017130150111428","0.8055339748825814","0.7349668559393745","0.8584213974690983","28"
"v_proj","AF_GF","8","0.5908613616617302","0.6133990134284615","0.38926628969203625","0.8235401966071701","28"
"v_proj","AF_GF","16","0.6844027414495794","0.7117911656797822","0.5012790936277587","0.8671976847395548","28"
"v_proj","AF_GF","32","0.7846290390206623","0.7997738769748839","0.6402899894703226","0.9143163970013636","28"
"v_proj","AF_GF","64","0.883697225327255","0.8808648654256366","0.804241173809831","0.9572582943476013","28"
"v_proj","AF_GI","8","0.457621557872871","0.45957237251863825","0.3183548453548446","0.5859808462419476","28"
"v_proj","AF_GI","16","0.5532603433015529","0.5579353037133512","0.4233697376610234","0.6595740071126934","28"
"v_proj","AF_GI","32","0.6590747901445252","0.6601630488081932","0.5625043322456349","0.7386248719318732","28"
"v_proj","AF_GI","64","0.7774312598135704","0.7725381188126008","0.7341025344106165","0.8276664279542276","28"
